index,datapath,port,port-speed
0,c00,1,1.046987
0,c00,2,1.046987
0,e00,1,1.090513
0,e00,2,1.046892
0,d00,1,1.046892
0,d00,2,1.090513
0,b00,1,1.090513
0,b00,2,1.046892
0,a00,1,1.046987
0,a00,2,1.090612
