index,datapath,port,port-speed
0,e00,1,0.916280
0,e00,2,0.872648
0,e00,3,0.436324
0,d00,1,0.916114
0,d00,2,0.916197
0,c00,1,0.916114
0,c00,2,0.872489
0,a00,1,0.916031
0,a00,2,0.916031
0,a00,3,0.479826
0,b00,1,0.916280
0,b00,2,0.916280
