index,datapath,port,port-speed
0,e00,1,1.046797
0,e00,2,1.046797
0,e00,3,0.523398
0,b00,1,1.090116
0,b00,2,1.090116
0,d00,1,1.090413
0,d00,2,1.046892
0,c00,1,1.090314
0,c00,2,1.046702
0,a00,1,1.090215
0,a00,2,1.090215
0,a00,3,0.523303
