index,datapath,port,port-speed
0,d00,1,0.000000
0,d00,2,0.050045
0,a00,1,0.050045
0,a00,2,0.000000
0,a00,3,0.000000
0,c00,1,0.050049
0,c00,2,0.050049
0,e00,1,0.050045
0,e00,2,0.050045
0,e00,3,0.150134
0,b00,1,0.000000
0,b00,2,0.000000
